wavenumber,k
1000,2.15E-05
1002.84,2.12E-05
1005.67,2.10E-05
1008.51,2.08E-05
1011.35,2.06E-05
1014.19,2.04E-05
1017.02,2.03E-05
1019.86,2.01E-05
1022.7,2.00E-05
1025.54,1.99E-05
1028.37,1.98E-05
1031.21,1.97E-05
1034.05,1.96E-05
1036.89,1.95E-05
1039.72,1.94E-05
1042.56,1.94E-05
1045.4,1.93E-05
1048.24,1.93E-05
1051.07,1.92E-05
1053.91,1.92E-05
1056.75,1.91E-05
1059.59,1.91E-05
1062.42,1.91E-05
1065.26,1.91E-05
1068.1,1.90E-05
1070.94,1.90E-05
1073.77,1.90E-05
1076.61,1.90E-05
1079.45,1.90E-05
1082.29,1.90E-05
1085.12,1.90E-05
1087.96,1.90E-05
1090.8,1.90E-05
1093.64,1.90E-05
1096.47,1.90E-05
1099.31,1.90E-05
1102.15,1.90E-05
1104.99,1.90E-05
1107.82,1.91E-05
1110.66,1.91E-05
1113.5,1.91E-05
1116.34,1.91E-05
1119.17,1.91E-05
1122.01,1.91E-05
1124.85,1.92E-05
1127.69,1.92E-05
1130.52,1.92E-05
1133.36,1.92E-05
1136.2,1.93E-05
1139.04,1.93E-05
1141.87,1.93E-05
1144.71,1.93E-05
1147.55,1.94E-05
1150.39,1.94E-05
1153.22,1.94E-05
1156.06,1.94E-05
1158.9,1.95E-05
1161.73,1.95E-05
1164.57,1.95E-05
1167.41,1.96E-05
1170.25,1.96E-05
1173.08,1.96E-05
1175.92,1.97E-05
1178.76,1.97E-05
1181.6,1.97E-05
1184.43,1.98E-05
1187.27,1.98E-05
1190.11,1.98E-05
1192.95,1.99E-05
1195.78,1.99E-05
1198.62,1.99E-05
1201.46,2.00E-05
1204.3,2.00E-05
1207.13,2.00E-05
1209.97,2.01E-05
1212.81,2.01E-05
1215.65,2.02E-05
1218.48,2.02E-05
1221.32,2.02E-05
1224.16,2.03E-05
1227,2.03E-05
1229.83,2.03E-05
1232.67,2.04E-05
1235.51,2.04E-05
1238.35,2.05E-05
1241.18,2.05E-05
1244.02,2.05E-05
1246.86,2.06E-05
1249.7,2.06E-05
1252.53,2.07E-05
1255.37,2.07E-05
1258.21,2.07E-05
1261.05,2.08E-05
1263.88,2.08E-05
1266.72,2.09E-05
1269.56,2.09E-05
1272.4,2.10E-05
1275.23,2.10E-05
1278.07,2.10E-05
1280.91,2.11E-05
1283.75,2.11E-05
1286.58,2.12E-05
1289.42,2.12E-05
1292.26,2.12E-05
1295.1,2.13E-05
1297.93,2.13E-05
1300.77,2.14E-05
1303.61,2.14E-05
1306.45,2.15E-05
1309.28,2.15E-05
1312.12,2.15E-05
1314.96,2.16E-05
1317.79,2.16E-05
1320.63,2.17E-05
1323.47,2.17E-05
1326.31,2.18E-05
1329.14,2.18E-05
1331.98,2.18E-05
1334.82,2.19E-05
1337.66,2.19E-05
1340.49,2.20E-05
1343.33,2.20E-05
1346.17,2.21E-05
1349.01,2.21E-05
1351.84,2.21E-05
1354.68,2.22E-05
1357.52,2.22E-05
1360.36,2.23E-05
1363.19,2.23E-05
1366.03,2.24E-05
1368.87,2.24E-05
1371.71,2.25E-05
1374.54,2.25E-05
1377.38,2.25E-05
1380.22,2.26E-05
1383.06,2.26E-05
1385.89,2.27E-05
1388.73,2.27E-05
1391.57,2.28E-05
1394.41,2.28E-05
1397.24,2.29E-05
1400.08,2.29E-05
1402.92,2.29E-05
1405.76,2.30E-05
1408.59,2.30E-05
1411.43,2.31E-05
1414.27,2.31E-05
1417.11,2.32E-05
1419.94,2.32E-05
1422.78,2.33E-05
1425.62,2.33E-05
1428.46,2.34E-05
1431.29,2.34E-05
1434.13,2.34E-05
1436.97,2.35E-05
1439.81,2.35E-05
1442.64,2.36E-05
1445.48,2.36E-05
1448.32,2.37E-05
1451.16,2.37E-05
1453.99,2.38E-05
1456.83,2.38E-05
1459.67,2.39E-05
1462.51,2.39E-05
1465.34,2.39E-05
1468.18,2.40E-05
1471.02,2.40E-05
1473.85,2.41E-05
1476.69,2.41E-05
1479.53,2.42E-05
1482.37,2.42E-05
1485.2,2.43E-05
1488.04,2.43E-05
1490.88,2.44E-05
1493.72,2.44E-05
1496.55,2.44E-05
1499.39,2.45E-05
1502.23,2.45E-05
1505.07,2.46E-05
1507.9,2.46E-05
1510.74,2.47E-05
1513.58,2.47E-05
1516.42,2.48E-05
1519.25,2.48E-05
1522.09,2.49E-05
1524.93,2.49E-05
1527.77,2.50E-05
1530.6,2.50E-05
1533.44,2.50E-05
1536.28,2.51E-05
1539.12,2.51E-05
1541.95,2.52E-05
1544.79,2.52E-05
1547.63,2.53E-05
1550.47,2.53E-05
1553.3,2.54E-05
1556.14,2.54E-05
1558.98,2.55E-05
1561.82,2.55E-05
1564.65,2.56E-05
1567.49,2.56E-05
1570.33,2.56E-05
1573.17,2.57E-05
1576,2.57E-05
1578.84,2.58E-05
1581.68,2.58E-05
1584.52,2.59E-05
1587.35,2.59E-05
1590.19,2.60E-05
1593.03,2.60E-05
1595.87,2.61E-05
1598.7,2.61E-05
1601.54,2.62E-05
1604.38,2.62E-05
1607.22,2.63E-05
1610.05,2.63E-05
1612.89,2.63E-05
1615.73,2.64E-05
1618.57,2.64E-05
1621.4,2.65E-05
1624.24,2.65E-05
1627.08,2.66E-05
1629.91,2.66E-05
1632.75,2.67E-05
1635.59,2.67E-05
1638.43,2.68E-05
1641.26,2.68E-05
1644.1,2.69E-05
1646.94,2.69E-05
1649.78,2.70E-05
1652.61,2.70E-05
1655.45,2.70E-05
1658.29,2.71E-05
1661.13,2.71E-05
1663.96,2.72E-05
1666.8,2.72E-05
1669.64,2.73E-05
1672.48,2.73E-05
1675.31,2.74E-05
1678.15,2.74E-05
1680.99,2.75E-05
1683.83,2.75E-05
1686.66,2.76E-05
1689.5,2.76E-05
1692.34,2.77E-05
1695.18,2.77E-05
1698.01,2.78E-05
1700.85,2.78E-05
1703.69,2.78E-05
1706.53,2.79E-05
1709.36,2.79E-05
1712.2,2.80E-05
1715.04,2.80E-05
1717.88,2.81E-05
1720.71,2.81E-05
1723.55,2.82E-05
1726.39,2.82E-05
1729.23,2.83E-05
1732.06,2.83E-05
1734.9,2.84E-05
1737.74,2.84E-05
1740.58,2.85E-05
1743.41,2.85E-05
1746.25,2.86E-05
1749.09,2.86E-05
1751.93,2.86E-05
1754.76,2.87E-05
1757.6,2.87E-05
1760.44,2.88E-05
1763.28,2.88E-05
1766.11,2.89E-05
1768.95,2.89E-05
1771.79,2.90E-05
1774.63,2.90E-05
1777.46,2.91E-05
1780.3,2.91E-05
1783.14,2.92E-05
1785.97,2.92E-05
1788.81,2.93E-05
1791.65,2.93E-05
1794.49,2.94E-05
1797.32,2.94E-05
1800.16,2.95E-05
1803,2.95E-05
1805.84,2.95E-05
1808.67,2.96E-05
1811.51,2.96E-05
1814.35,2.97E-05
1817.19,2.97E-05
1820.02,2.98E-05
1822.86,2.98E-05
1825.7,2.99E-05
1828.54,2.99E-05
1831.37,3.00E-05
1834.21,3.00E-05
1837.05,3.01E-05
1839.89,3.01E-05
1842.72,3.02E-05
1845.56,3.02E-05
1848.4,3.03E-05
1851.24,3.03E-05
1854.07,3.04E-05
1856.91,3.04E-05
1859.75,3.05E-05
1862.59,3.05E-05
1865.42,3.05E-05
1868.26,3.06E-05
1871.1,3.06E-05
1873.94,3.07E-05
1876.77,3.07E-05
1879.61,3.08E-05
1882.45,3.08E-05
1885.29,3.09E-05
1888.12,3.09E-05
1890.96,3.10E-05
1893.8,3.10E-05
1896.64,3.11E-05
1899.47,3.11E-05
1902.31,3.12E-05
1905.15,3.12E-05
1907.99,3.13E-05
1910.82,3.13E-05
1913.66,3.14E-05
1916.5,3.14E-05
1919.34,3.15E-05
1922.17,3.15E-05
1925.01,3.16E-05
1927.85,3.16E-05
1930.69,3.16E-05
1933.52,3.17E-05
1936.36,3.17E-05
1939.2,3.18E-05
1942.03,3.18E-05
1944.87,3.19E-05
1947.71,3.19E-05
1950.55,3.20E-05
1953.38,3.20E-05
1956.22,3.21E-05
1959.06,3.21E-05
1961.9,3.22E-05
1964.73,3.22E-05
1967.57,3.23E-05
1970.41,3.23E-05
1973.25,3.24E-05
1976.08,3.24E-05
1978.92,3.25E-05
1981.76,3.25E-05
1984.6,3.26E-05
1987.43,3.26E-05
1990.27,3.27E-05
1993.11,3.27E-05
1995.95,3.28E-05
1998.78,3.28E-05
2001.62,3.29E-05
2004.46,3.29E-05
2007.3,3.29E-05
2010.13,3.30E-05
2012.97,3.30E-05
2015.81,3.31E-05
2018.65,3.31E-05
2021.48,3.32E-05
2024.32,3.32E-05
2027.16,3.33E-05
2030,3.33E-05
2032.83,3.34E-05
2035.67,3.34E-05
2038.51,3.35E-05
2041.35,3.35E-05
2044.18,3.36E-05
2047.02,3.36E-05
2049.86,3.37E-05
2052.7,3.37E-05
2055.53,3.38E-05
2058.37,3.38E-05
2061.21,3.39E-05
2064.05,3.39E-05
2066.88,3.40E-05
2069.72,3.40E-05
2072.56,3.41E-05
2075.4,3.41E-05
2078.23,3.42E-05
2081.07,3.42E-05
2083.91,3.43E-05
2086.75,3.43E-05
2089.58,3.43E-05
2092.42,3.44E-05
2095.26,3.44E-05
2098.09,3.45E-05
2100.93,3.45E-05
2103.77,3.46E-05
2106.61,3.46E-05
2109.44,3.47E-05
2112.28,3.47E-05
2115.12,3.48E-05
2117.96,3.48E-05
2120.79,3.49E-05
2123.63,3.49E-05
2126.47,3.50E-05
2129.31,3.50E-05
2132.14,3.51E-05
2134.98,3.51E-05
2137.82,3.52E-05
2140.66,3.52E-05
2143.49,3.53E-05
2146.33,3.53E-05
2149.17,3.54E-05
2152.01,3.54E-05
2154.84,3.55E-05
2157.68,3.55E-05
2160.52,3.56E-05
2163.36,3.56E-05
2166.19,3.57E-05
2169.03,3.57E-05
2171.87,3.58E-05
2174.71,3.58E-05
2177.54,3.59E-05
2180.38,3.59E-05
2183.22,3.60E-05
2186.06,3.60E-05
2188.89,3.61E-05
2191.73,3.61E-05
2194.57,3.61E-05
2197.41,3.62E-05
2200.24,3.62E-05
2203.08,3.63E-05
2205.92,3.63E-05
2208.76,3.64E-05
2211.59,3.64E-05
2214.43,3.65E-05
2217.27,3.65E-05
2220.11,3.66E-05
2222.94,3.66E-05
2225.78,3.67E-05
2228.62,3.67E-05
2231.46,3.68E-05
2234.29,3.68E-05
2237.13,3.69E-05
2239.97,3.69E-05
2242.81,3.70E-05
2245.64,3.70E-05
2248.48,3.71E-05
2251.32,3.71E-05
2254.15,3.72E-05
2256.99,3.72E-05
2259.83,3.73E-05
2262.67,3.73E-05
2265.5,3.74E-05
2268.34,3.74E-05
2271.18,3.75E-05
2274.02,3.75E-05
2276.85,3.76E-05
2279.69,3.76E-05
2282.53,3.77E-05
2285.37,3.77E-05
2288.2,3.78E-05
2291.04,3.78E-05
2293.88,3.79E-05
2296.72,3.79E-05
2299.55,3.80E-05
2302.39,3.80E-05
2305.23,3.81E-05
2308.07,3.81E-05
2310.9,3.82E-05
2313.74,3.82E-05
2316.58,3.83E-05
2319.42,3.83E-05
2322.25,3.84E-05
2325.09,3.84E-05
2327.93,3.85E-05
2330.77,3.85E-05
2333.6,3.86E-05
2336.44,3.86E-05
2339.28,3.87E-05
2342.12,3.87E-05
2344.95,3.88E-05
2347.79,3.88E-05
2350.63,3.89E-05
2353.47,3.89E-05
2356.3,3.89E-05
2359.14,3.90E-05
2361.98,3.90E-05
2364.82,3.91E-05
2367.65,3.91E-05
2370.49,3.92E-05
2373.33,3.92E-05
2376.17,3.93E-05
2379,3.93E-05
2381.84,3.94E-05
2384.68,3.94E-05
2387.52,3.95E-05
2390.35,3.95E-05
2393.19,3.96E-05
2396.03,3.96E-05
2398.87,3.97E-05
2401.7,3.97E-05
2404.54,3.98E-05
2407.38,3.98E-05
2410.21,3.99E-05
2413.05,3.99E-05
2415.89,4.00E-05
2418.73,4.00E-05
2421.56,4.01E-05
2424.4,4.01E-05
2427.24,4.02E-05
2430.08,4.02E-05
2432.91,4.03E-05
2435.75,4.03E-05
2438.59,4.04E-05
2441.43,4.04E-05
2444.26,4.05E-05
2447.1,4.05E-05
2449.94,4.06E-05
2452.78,4.06E-05
2455.61,4.07E-05
2458.45,4.07E-05
2461.29,4.08E-05
2464.13,4.08E-05
2466.96,4.09E-05
2469.8,4.09E-05
2472.64,4.10E-05
2475.48,4.10E-05
2478.31,4.11E-05
2481.15,4.11E-05
2483.99,4.12E-05
2486.83,4.12E-05
2489.66,4.13E-05
2492.5,4.13E-05
2495.34,4.14E-05
2498.18,4.14E-05
2501.01,4.15E-05
2503.85,4.15E-05
2506.69,4.16E-05
2509.53,4.16E-05
2512.36,4.17E-05
2515.2,4.17E-05
2518.04,4.18E-05
2520.88,4.18E-05
2523.71,4.19E-05
2526.55,4.19E-05
2529.39,4.20E-05
2532.23,4.20E-05
2535.06,4.21E-05
2537.9,4.21E-05
2540.74,4.22E-05
2543.58,4.22E-05
2546.41,4.23E-05
2549.25,4.23E-05
2552.09,4.24E-05
2554.93,4.24E-05
2557.76,4.25E-05
2560.6,4.25E-05
2563.44,4.26E-05
2566.27,4.26E-05
2569.11,4.27E-05
2571.95,4.27E-05
2574.79,4.28E-05
2577.62,4.28E-05
2580.46,4.29E-05
2583.3,4.29E-05
2586.14,4.30E-05
2588.97,4.30E-05
2591.81,4.31E-05
2594.65,4.31E-05
2597.49,4.32E-05
2600.32,4.32E-05
2603.16,4.33E-05
2606,4.33E-05
2608.84,4.34E-05
2611.67,4.34E-05
2614.51,4.35E-05
2617.35,4.35E-05
2620.19,4.36E-05
2623.02,4.36E-05
2625.86,4.37E-05
2628.7,4.37E-05
2631.54,4.38E-05
2634.37,4.38E-05
2637.21,4.39E-05
2640.05,4.39E-05
2642.89,4.40E-05
2645.72,4.40E-05
2648.56,4.41E-05
2651.4,4.41E-05
2654.24,4.42E-05
2657.07,4.42E-05
2659.91,4.43E-05
2662.75,4.43E-05
2665.59,4.44E-05
2668.42,4.44E-05
2671.26,4.45E-05
2674.1,4.45E-05
2676.94,4.46E-05
2679.77,4.47E-05
2682.61,4.47E-05
2685.45,4.48E-05
2688.29,4.48E-05
2691.12,4.49E-05
2693.96,4.49E-05
2696.8,4.50E-05
2699.64,4.50E-05
2702.47,4.51E-05
2705.31,4.51E-05
2708.15,4.52E-05
2710.99,4.52E-05
2713.82,4.53E-05
2716.66,4.53E-05
2719.5,4.54E-05
2722.33,4.54E-05
2725.17,4.55E-05
2728.01,4.55E-05
2730.85,4.56E-05
2733.68,4.56E-05
2736.52,4.57E-05
2739.36,4.57E-05
2742.2,4.58E-05
2745.03,4.58E-05
2747.87,4.59E-05
2750.71,4.59E-05
2753.55,4.60E-05
2756.38,4.60E-05
2759.22,4.61E-05
2762.06,4.61E-05
2764.9,4.62E-05
2767.73,4.62E-05
2770.57,4.63E-05
2773.41,4.63E-05
2776.25,4.64E-05
2779.08,4.64E-05
2781.92,4.65E-05
2784.76,4.65E-05
2787.6,4.66E-05
2790.43,4.66E-05
2793.27,4.67E-05
2796.11,4.67E-05
2798.95,4.68E-05
2801.78,4.68E-05
2804.62,4.69E-05
2807.46,4.69E-05
2810.3,4.70E-05
2813.13,4.70E-05
2815.97,4.71E-05
2818.81,4.71E-05
2821.65,4.72E-05
2824.48,4.72E-05
2827.32,4.73E-05
2830.16,4.74E-05
2833,4.74E-05
2835.83,4.75E-05
2838.67,4.75E-05
2841.51,4.76E-05
2844.35,4.76E-05
2847.18,4.77E-05
2850.02,4.77E-05
2852.86,4.78E-05
2855.7,4.78E-05
2858.53,4.79E-05
2861.37,4.79E-05
2864.21,4.80E-05
2867.04,4.80E-05
2869.88,4.81E-05
2872.72,4.81E-05
2875.56,4.82E-05
2878.39,4.82E-05
2881.23,4.83E-05
2884.07,4.83E-05
2886.91,4.84E-05
2889.74,4.84E-05
2892.58,4.85E-05
2895.42,4.85E-05
2898.26,4.86E-05
2901.09,4.86E-05
2903.93,4.87E-05
2906.77,4.87E-05
2909.61,4.88E-05
2912.44,4.88E-05
2915.28,4.89E-05
2918.12,4.89E-05
2920.96,4.90E-05
2923.79,4.90E-05
2926.63,4.91E-05
2929.47,4.92E-05
2932.31,4.92E-05
2935.14,4.93E-05
2937.98,4.93E-05
2940.82,4.94E-05
2943.66,4.94E-05
2946.49,4.95E-05
2949.33,4.95E-05
2952.17,4.96E-05
2955.01,4.96E-05
2957.84,4.97E-05
2960.68,4.97E-05
2963.52,4.98E-05
2966.36,4.98E-05
2969.19,4.99E-05
2972.03,4.99E-05
2974.87,5.00E-05
2977.71,5.00E-05
2980.54,5.01E-05
2983.38,5.01E-05
2986.22,5.02E-05
2989.06,5.02E-05
2991.89,5.03E-05
2994.73,5.03E-05
2997.57,5.04E-05
3000.41,5.04E-05
3003.24,5.05E-05
3006.08,5.06E-05
3008.92,5.06E-05
3011.76,5.07E-05
3014.59,5.07E-05
3017.43,5.08E-05
3020.27,5.08E-05
3023.1,5.09E-05
3025.94,5.09E-05
3028.78,5.10E-05
3031.62,5.10E-05
3034.45,5.11E-05
3037.29,5.11E-05
3040.13,5.12E-05
3042.97,5.12E-05
3045.8,5.13E-05
3048.64,5.13E-05
3051.48,5.14E-05
3054.32,5.14E-05
3057.15,5.15E-05
3059.99,5.15E-05
3062.83,5.16E-05
3065.67,5.16E-05
3068.5,5.17E-05
3071.34,5.18E-05
3074.18,5.18E-05
3077.02,5.19E-05
3079.85,5.19E-05
3082.69,5.20E-05
3085.53,5.20E-05
3088.37,5.21E-05
3091.2,5.21E-05
3094.04,5.22E-05
3096.88,5.22E-05
3099.72,5.23E-05
3102.55,5.23E-05
3105.39,5.24E-05
3108.23,5.24E-05
3111.07,5.25E-05
3113.9,5.25E-05
3116.74,5.26E-05
3119.58,5.26E-05
3122.42,5.27E-05
3125.25,5.27E-05
3128.09,5.28E-05
3130.93,5.29E-05
3133.77,5.29E-05
3136.6,5.30E-05
3139.44,5.30E-05
3142.28,5.31E-05
3145.12,5.31E-05
3147.95,5.32E-05
3150.79,5.32E-05
3153.63,5.33E-05
3156.47,5.33E-05
3159.3,5.34E-05
3162.14,5.34E-05
3164.98,5.35E-05
3167.82,5.35E-05
3170.65,5.36E-05
3173.49,5.36E-05
3176.33,5.37E-05
3179.16,5.38E-05
3182,5.38E-05
3184.84,5.39E-05
3187.68,5.39E-05
3190.51,5.40E-05
3193.35,5.40E-05
3196.19,5.41E-05
3199.03,5.41E-05
3201.86,5.42E-05
3204.7,5.42E-05
3207.54,5.43E-05
3210.38,5.43E-05
3213.21,5.44E-05
3216.05,5.44E-05
3218.89,5.45E-05
3221.73,5.45E-05
3224.56,5.46E-05
3227.4,5.47E-05
3230.24,5.47E-05
3233.08,5.48E-05
3235.91,5.48E-05
3238.75,5.49E-05
3241.59,5.49E-05
3244.43,5.50E-05
3247.26,5.50E-05
3250.1,5.51E-05
3252.94,5.51E-05
3255.78,5.52E-05
3258.61,5.52E-05
3261.45,5.53E-05
3264.29,5.53E-05
3267.13,5.54E-05
3269.96,5.54E-05
3272.8,5.55E-05
3275.64,5.56E-05
3278.48,5.56E-05
3281.31,5.57E-05
3284.15,5.57E-05
3286.99,5.58E-05
3289.83,5.58E-05
3292.66,5.59E-05
3295.5,5.59E-05
3298.34,5.60E-05
3301.18,5.60E-05
3304.01,5.61E-05
3306.85,5.61E-05
3309.69,5.62E-05
3312.53,5.63E-05
3315.36,5.63E-05
3318.2,5.64E-05
3321.04,5.64E-05
3323.88,5.65E-05
3326.71,5.65E-05
3329.55,5.66E-05
3332.39,5.66E-05
3335.22,5.67E-05
3338.06,5.67E-05
3340.9,5.68E-05
3343.74,5.68E-05
3346.57,5.69E-05
3349.41,5.69E-05
3352.25,5.70E-05
3355.09,5.71E-05
3357.92,5.71E-05
3360.76,5.72E-05
3363.6,5.72E-05
3366.44,5.73E-05
3369.27,5.73E-05
3372.11,5.74E-05
3374.95,5.74E-05
3377.79,5.75E-05
3380.62,5.75E-05
3383.46,5.76E-05
3386.3,5.76E-05
3389.14,5.77E-05
3391.97,5.78E-05
3394.81,5.78E-05
3397.65,5.79E-05
3400.49,5.79E-05
3403.32,5.80E-05
3406.16,5.80E-05
3409,5.81E-05
3411.84,5.81E-05
3414.67,5.82E-05
3417.51,5.82E-05
3420.35,5.83E-05
3423.19,5.83E-05
3426.02,5.84E-05
3428.86,5.85E-05
3431.7,5.85E-05
3434.54,5.86E-05
3437.37,5.86E-05
3440.21,5.87E-05
3443.05,5.87E-05
3445.89,5.88E-05
3448.72,5.88E-05
3451.56,5.89E-05
3454.4,5.89E-05
3457.24,5.90E-05
3460.07,5.91E-05
3462.91,5.91E-05
3465.75,5.92E-05
3468.59,5.92E-05
3471.42,5.93E-05
3474.26,5.93E-05
3477.1,5.94E-05
3479.94,5.94E-05
3482.77,5.95E-05
3485.61,5.95E-05
3488.45,5.96E-05
3491.28,5.97E-05
3494.12,5.97E-05
3496.96,5.98E-05
3499.8,5.98E-05
3502.63,5.99E-05
3505.47,5.99E-05
3508.31,6.00E-05
3511.15,6.00E-05
3513.98,6.01E-05
3516.82,6.01E-05
3519.66,6.02E-05
3522.5,6.03E-05
3525.33,6.03E-05
3528.17,6.04E-05
3531.01,6.04E-05
3533.85,6.05E-05
3536.68,6.05E-05
3539.52,6.06E-05
3542.36,6.06E-05
3545.2,6.07E-05
3548.03,6.07E-05
3550.87,6.08E-05
3553.71,6.09E-05
3556.55,6.09E-05
3559.38,6.10E-05
3562.22,6.10E-05
3565.06,6.11E-05
3567.9,6.11E-05
3570.73,6.12E-05
3573.57,6.12E-05
3576.41,6.13E-05
3579.25,6.13E-05
3582.08,6.14E-05
3584.92,6.15E-05
3587.76,6.15E-05
3590.6,6.16E-05
3593.43,6.16E-05
3596.27,6.17E-05
3599.11,6.17E-05
3601.95,6.18E-05
3604.78,6.18E-05
3607.62,6.19E-05
3610.46,6.20E-05
3613.3,6.20E-05
3616.13,6.21E-05
3618.97,6.21E-05
3621.81,6.22E-05
3624.65,6.22E-05
3627.48,6.23E-05
3630.32,6.23E-05
3633.16,6.24E-05
3636,6.25E-05
3638.83,6.25E-05
3641.67,6.26E-05
3644.51,6.26E-05
3647.34,6.27E-05
3650.18,6.27E-05
3653.02,6.28E-05
3655.86,6.28E-05
3658.69,6.29E-05
3661.53,6.29E-05
3664.37,6.30E-05
3667.21,6.31E-05
3670.04,6.31E-05
3672.88,6.32E-05
3675.72,6.32E-05
3678.56,6.33E-05
3681.39,6.33E-05
3684.23,6.34E-05
3687.07,6.34E-05
3689.91,6.35E-05
3692.74,6.36E-05
3695.58,6.36E-05
3698.42,6.37E-05
3701.26,6.37E-05
3704.09,6.38E-05
3706.93,6.38E-05
3709.77,6.39E-05
3712.61,6.39E-05
3715.44,6.40E-05
3718.28,6.41E-05
3721.12,6.41E-05
3723.96,6.42E-05
3726.79,6.42E-05
3729.63,6.43E-05
3732.47,6.43E-05
3735.31,6.44E-05
3738.14,6.45E-05
3740.98,6.45E-05
3743.82,6.46E-05
3746.66,6.46E-05
3749.49,6.47E-05
3752.33,6.47E-05
3755.17,6.48E-05
3758.01,6.48E-05
3760.84,6.49E-05
3763.68,6.50E-05
3766.52,6.50E-05
3769.36,6.51E-05
3772.19,6.51E-05
3775.03,6.52E-05
3777.87,6.52E-05
3780.71,6.53E-05
3783.54,6.53E-05
3786.38,6.54E-05
3789.22,6.55E-05
3792.06,6.55E-05
3794.89,6.56E-05
3797.73,6.56E-05
3800.57,6.57E-05
3803.4,6.57E-05
3806.24,6.58E-05
3809.08,6.59E-05
3811.92,6.59E-05
3814.75,6.60E-05
3817.59,6.60E-05
3820.43,6.61E-05
3823.27,6.61E-05
3826.1,6.62E-05
3828.94,6.62E-05
3831.78,6.63E-05
3834.62,6.64E-05
3837.45,6.64E-05
3840.29,6.65E-05
3843.13,6.65E-05
3845.97,6.66E-05
3848.8,6.66E-05
3851.64,6.67E-05
3854.48,6.68E-05
3857.32,6.68E-05
3860.15,6.69E-05
3862.99,6.69E-05
3865.83,6.70E-05
3868.67,6.70E-05
3871.5,6.71E-05
3874.34,6.72E-05
3877.18,6.72E-05
3880.02,6.73E-05
3882.85,6.73E-05
3885.69,6.74E-05
3888.53,6.74E-05
3891.37,6.75E-05
3894.2,6.76E-05
3897.04,6.76E-05
3899.88,6.77E-05
3902.72,6.77E-05
3905.55,6.78E-05
3908.39,6.78E-05
3911.23,6.79E-05
3914.07,6.80E-05
3916.9,6.80E-05
3919.74,6.81E-05
3922.58,6.81E-05
3925.42,6.82E-05
3928.25,6.82E-05
3931.09,6.83E-05
3933.93,6.83E-05
3936.77,6.84E-05
3939.6,6.85E-05
3942.44,6.85E-05
3945.28,6.86E-05
3948.12,6.86E-05
3950.95,6.87E-05
3953.79,6.88E-05
3956.63,6.88E-05
3959.46,6.89E-05
3962.3,6.89E-05
3965.14,6.90E-05
3967.98,6.90E-05
3970.81,6.91E-05
3973.65,6.92E-05
3976.49,6.92E-05
3979.33,6.93E-05
3982.16,6.93E-05
3985,6.94E-05
3987.84,6.94E-05
3990.68,6.95E-05
3993.51,6.96E-05
3996.35,6.96E-05
3999.19,6.97E-05
4002.03,6.97E-05
4004.86,6.98E-05
4007.7,6.98E-05
4010.54,6.99E-05
4013.38,7.00E-05
4016.21,7.00E-05
4019.05,7.01E-05
4021.89,7.01E-05
4024.73,7.02E-05
4027.56,7.02E-05
4030.4,7.03E-05
4033.24,7.04E-05
4036.08,7.04E-05
4038.91,7.05E-05
4041.75,7.05E-05
4044.59,7.06E-05
4047.43,7.06E-05
4050.26,7.07E-05
4053.1,7.08E-05
4055.94,7.08E-05
4058.78,7.09E-05
4061.61,7.09E-05
4064.45,7.10E-05
4067.29,7.11E-05
4070.13,7.11E-05
4072.96,7.12E-05
4075.8,7.12E-05
4078.64,7.13E-05
4081.48,7.13E-05
4084.31,7.14E-05
4087.15,7.15E-05
4089.99,7.15E-05
4092.83,7.16E-05
4095.66,7.16E-05
4098.5,7.17E-05
4101.34,7.18E-05
4104.18,7.18E-05
4107.01,7.19E-05
4109.85,7.19E-05
4112.69,7.20E-05
4115.52,7.20E-05
4118.36,7.21E-05
4121.2,7.22E-05
4124.04,7.22E-05
4126.87,7.23E-05
4129.71,7.23E-05
4132.55,7.24E-05
4135.39,7.25E-05
4138.22,7.25E-05
4141.06,7.26E-05
4143.9,7.26E-05
4146.74,7.27E-05
4149.57,7.27E-05
4152.41,7.28E-05
4155.25,7.29E-05
4158.09,7.29E-05
4160.92,7.30E-05
4163.76,7.30E-05
4166.6,7.31E-05
4169.44,7.32E-05
4172.27,7.32E-05
4175.11,7.33E-05
4177.95,7.33E-05
4180.79,7.34E-05
4183.62,7.34E-05
4186.46,7.35E-05
4189.3,7.36E-05
4192.14,7.36E-05
4194.97,7.37E-05
4197.81,7.37E-05
4200.65,7.38E-05
4203.49,7.39E-05
4206.32,7.39E-05
4209.16,7.40E-05
4212,7.40E-05
4214.84,7.41E-05
4217.67,7.42E-05
4220.51,7.42E-05
4223.35,7.43E-05
4226.19,7.43E-05
4229.02,7.44E-05
4231.86,7.45E-05
4234.7,7.45E-05
4237.54,7.46E-05
4240.37,7.46E-05
4243.21,7.47E-05
4246.05,7.47E-05
4248.89,7.48E-05
4251.72,7.49E-05
4254.56,7.49E-05
4257.4,7.50E-05
4260.24,7.50E-05
4263.07,7.51E-05
4265.91,7.52E-05
4268.75,7.52E-05
4271.58,7.53E-05
4274.42,7.53E-05
4277.26,7.54E-05
4280.1,7.55E-05
4282.93,7.55E-05
4285.77,7.56E-05
4288.61,7.56E-05
4291.45,7.57E-05
4294.28,7.58E-05
4297.12,7.58E-05
4299.96,7.59E-05
4302.8,7.59E-05
4305.63,7.60E-05
4308.47,7.61E-05
4311.31,7.61E-05
4314.15,7.62E-05
4316.98,7.62E-05
4319.82,7.63E-05
4322.66,7.64E-05
4325.5,7.64E-05
4328.33,7.65E-05
4331.17,7.65E-05
4334.01,7.66E-05
4336.85,7.67E-05
4339.68,7.67E-05
4342.52,7.68E-05
4345.36,7.68E-05
4348.2,7.69E-05
4351.03,7.70E-05
4353.87,7.70E-05
4356.71,7.71E-05
4359.55,7.71E-05
4362.38,7.72E-05
4365.22,7.73E-05
4368.06,7.73E-05
4370.9,7.74E-05
4373.73,7.74E-05
4376.57,7.75E-05
4379.41,7.76E-05
4382.25,7.76E-05
4385.08,7.77E-05
4387.92,7.77E-05
4390.76,7.78E-05
4393.6,7.79E-05
4396.43,7.79E-05
4399.27,7.80E-05
4402.11,7.80E-05
4404.95,7.81E-05
4407.78,7.82E-05
4410.62,7.82E-05
4413.46,7.83E-05
4416.3,7.83E-05
4419.13,7.84E-05
4421.97,7.85E-05
4424.81,7.85E-05
4427.64,7.86E-05
4430.48,7.86E-05
4433.32,7.87E-05
4436.16,7.88E-05
4438.99,7.88E-05
4441.83,7.89E-05
4444.67,7.89E-05
4447.51,7.90E-05
4450.34,7.91E-05
4453.18,7.91E-05
4456.02,7.92E-05
4458.86,7.92E-05
4461.69,7.93E-05
4464.53,7.94E-05
4467.37,7.94E-05
4470.21,7.95E-05
4473.04,7.96E-05
4475.88,7.96E-05
4478.72,7.97E-05
4481.56,7.97E-05
4484.39,7.98E-05
4487.23,7.99E-05
4490.07,7.99E-05
4492.91,8.00E-05
4495.74,8.00E-05
4498.58,8.01E-05
4501.42,8.02E-05
4504.26,8.02E-05
4507.09,8.03E-05
4509.93,8.03E-05
4512.77,8.04E-05
4515.61,8.05E-05
4518.44,8.05E-05
4521.28,8.06E-05
4524.12,8.07E-05
4526.96,8.07E-05
4529.79,8.08E-05
4532.63,8.08E-05
4535.47,8.09E-05
4538.31,8.10E-05
4541.14,8.10E-05
4543.98,8.11E-05
4546.82,8.11E-05
4549.66,8.12E-05
4552.49,8.13E-05
4555.33,8.13E-05
4558.17,8.14E-05
4561.01,8.15E-05
4563.84,8.15E-05
4566.68,8.16E-05
4569.52,8.16E-05
4572.36,8.17E-05
4575.19,8.18E-05
4578.03,8.18E-05
4580.87,8.19E-05
4583.7,8.19E-05
4586.54,8.20E-05
4589.38,8.21E-05
4592.22,8.21E-05
4595.05,8.22E-05
4597.89,8.23E-05
4600.73,8.23E-05
4603.57,8.24E-05
4606.4,8.24E-05
4609.24,8.25E-05
4612.08,8.26E-05
4614.92,8.26E-05
4617.75,8.27E-05
4620.59,8.28E-05
4623.43,8.28E-05
4626.27,8.29E-05
4629.1,8.29E-05
4631.94,8.30E-05
4634.78,8.31E-05
4637.62,8.31E-05
4640.45,8.32E-05
4643.29,8.32E-05
4646.13,8.33E-05
4648.97,8.34E-05
4651.8,8.34E-05
4654.64,8.35E-05
4657.48,8.36E-05
4660.32,8.36E-05
4663.15,8.37E-05
4665.99,8.37E-05
4668.83,8.38E-05
4671.67,8.39E-05
4674.5,8.39E-05
4677.34,8.40E-05
4680.18,8.41E-05
4683.02,8.41E-05
4685.85,8.42E-05
4688.69,8.42E-05
4691.53,8.43E-05
4694.37,8.44E-05
4697.2,8.44E-05
4700.04,8.45E-05
4702.88,8.46E-05
4705.72,8.46E-05
4708.55,8.47E-05
4711.39,8.48E-05
4714.23,8.48E-05
4717.07,8.49E-05
4719.9,8.49E-05
4722.74,8.50E-05
4725.58,8.51E-05
4728.42,8.51E-05
4731.25,8.52E-05
4734.09,8.53E-05
4736.93,8.53E-05
4739.76,8.54E-05
4742.6,8.54E-05
4745.44,8.55E-05
4748.28,8.56E-05
4751.11,8.56E-05
4753.95,8.57E-05
4756.79,8.58E-05
4759.63,8.58E-05
4762.46,8.59E-05
4765.3,8.59E-05
4768.14,8.60E-05
4770.98,8.61E-05
4773.81,8.61E-05
4776.65,8.62E-05
4779.49,8.63E-05
4782.33,8.63E-05
4785.16,8.64E-05
4788,8.65E-05
4790.84,8.65E-05
4793.68,8.66E-05
4796.51,8.66E-05
4799.35,8.67E-05
4802.19,8.68E-05
4805.03,8.68E-05
4807.86,8.69E-05
4810.7,8.70E-05
4813.54,8.70E-05
4816.38,8.71E-05
4819.21,8.72E-05
4822.05,8.72E-05
4824.89,8.73E-05
4827.73,8.73E-05
4830.56,8.74E-05
4833.4,8.75E-05
4836.24,8.75E-05
4839.08,8.76E-05
4841.91,8.77E-05
4844.75,8.77E-05
4847.59,8.78E-05
4850.43,8.79E-05
4853.26,8.79E-05
4856.1,8.80E-05
4858.94,8.81E-05
4861.78,8.81E-05
4864.61,8.82E-05
4867.45,8.82E-05
4870.29,8.83E-05
4873.13,8.84E-05
4875.96,8.84E-05
4878.8,8.85E-05
4881.64,8.86E-05
4884.48,8.86E-05
4887.31,8.87E-05
4890.15,8.88E-05
4892.99,8.88E-05
4895.82,8.89E-05
4898.66,8.90E-05
4901.5,8.90E-05
4904.34,8.91E-05
4907.17,8.91E-05
4910.01,8.92E-05
4912.85,8.93E-05
4915.69,8.93E-05
4918.52,8.94E-05
4921.36,8.95E-05
4924.2,8.95E-05
4927.04,8.96E-05
4929.87,8.97E-05
4932.71,8.97E-05
4935.55,8.98E-05
4938.39,8.99E-05
4941.22,8.99E-05
4944.06,9.00E-05
4946.9,9.01E-05
4949.74,9.01E-05
4952.57,9.02E-05
4955.41,9.02E-05
4958.25,9.03E-05
4961.09,9.04E-05
4963.92,9.04E-05
4966.76,9.05E-05
4969.6,9.06E-05
4972.44,9.06E-05
4975.27,9.07E-05
4978.11,9.08E-05
4980.95,9.08E-05
4983.79,9.09E-05
4986.62,9.10E-05
4989.46,9.10E-05
4992.3,9.11E-05
4995.14,9.12E-05
4997.97,9.12E-05
5000.81,9.13E-05
5003.65,9.14E-05
5006.49,9.14E-05
5009.32,9.15E-05
5012.16,9.16E-05
5015,9.16E-05
5017.84,9.17E-05
5020.67,9.17E-05
5023.51,9.18E-05
5026.35,9.19E-05
5029.19,9.19E-05
5032.02,9.20E-05
5034.86,9.21E-05
5037.7,9.21E-05
5040.54,9.22E-05
5043.37,9.23E-05
5046.21,9.23E-05
5049.05,9.24E-05
5051.88,9.25E-05
5054.72,9.25E-05
5057.56,9.26E-05
5060.4,9.27E-05
5063.23,9.27E-05
5066.07,9.28E-05
5068.91,9.29E-05
5071.75,9.29E-05
5074.58,9.30E-05
5077.42,9.31E-05
5080.26,9.31E-05
5083.1,9.32E-05
5085.93,9.33E-05
5088.77,9.33E-05
5091.61,9.34E-05
5094.45,9.35E-05
5097.28,9.35E-05
5100.12,9.36E-05
5102.96,9.37E-05
5105.8,9.37E-05
5108.63,9.38E-05
5111.47,9.39E-05
5114.31,9.39E-05
5117.15,9.40E-05
5119.98,9.41E-05
5122.82,9.41E-05
5125.66,9.42E-05
5128.5,9.43E-05
5131.33,9.43E-05
5134.17,9.44E-05
5137.01,9.45E-05
5139.85,9.45E-05
5142.68,9.46E-05
5145.52,9.47E-05
5148.36,9.47E-05
5151.2,9.48E-05
5154.03,9.49E-05
5156.87,9.49E-05
5159.71,9.50E-05
5162.55,9.51E-05
5165.38,9.51E-05
5168.22,9.52E-05
5171.06,9.53E-05
5173.9,9.53E-05
5176.73,9.54E-05
5179.57,9.55E-05
5182.41,9.55E-05
5185.25,9.56E-05
5188.08,9.57E-05
5190.92,9.57E-05
5193.76,9.58E-05
5196.6,9.59E-05
5199.43,9.59E-05
5202.27,9.60E-05
5205.11,9.61E-05
5207.94,9.61E-05
5210.78,9.62E-05
5213.62,9.63E-05
5216.46,9.63E-05
5219.29,9.64E-05
5222.13,9.65E-05
5224.97,9.65E-05
5227.81,9.66E-05
5230.64,9.67E-05
5233.48,9.67E-05
5236.32,9.68E-05
5239.16,9.69E-05
5241.99,9.69E-05
5244.83,9.70E-05
5247.67,9.71E-05
5250.51,9.71E-05
5253.34,9.72E-05
5256.18,9.73E-05
5259.02,9.74E-05
5261.86,9.74E-05
5264.69,9.75E-05
5267.53,9.76E-05
5270.37,9.76E-05
5273.21,9.77E-05
5276.04,9.78E-05
5278.88,9.78E-05
5281.72,9.79E-05
5284.56,9.80E-05
5287.39,9.80E-05
5290.23,9.81E-05
5293.07,9.82E-05
5295.91,9.82E-05
5298.74,9.83E-05
5301.58,9.84E-05
5304.42,9.84E-05
5307.26,9.85E-05
5310.09,9.86E-05
5312.93,9.86E-05
5315.77,9.87E-05
5318.61,9.88E-05
5321.44,9.89E-05
5324.28,9.89E-05
5327.12,9.90E-05
5329.96,9.91E-05
5332.79,9.91E-05
5335.63,9.92E-05
5338.47,9.93E-05
5341.31,9.93E-05
5344.14,9.94E-05
5346.98,9.95E-05
5349.82,9.95E-05
5352.66,9.96E-05
5355.49,9.97E-05
5358.33,9.97E-05
5361.17,9.98E-05
5364,9.99E-05
5366.84,1.00E-04
5369.68,1.00E-04
5372.52,1.00E-04
5375.35,1.00E-04
5378.19,1.00E-04
5381.03,1.00E-04
5383.87,1.00E-04
5386.7,1.00E-04
5389.54,1.01E-04
5392.38,1.01E-04
5395.22,1.01E-04
5398.05,1.01E-04
5400.89,1.01E-04
5403.73,1.01E-04
5406.57,1.01E-04
5409.4,1.01E-04
5412.24,1.01E-04
5415.08,1.01E-04
5417.92,1.01E-04
5420.75,1.01E-04
5423.59,1.01E-04
5426.43,1.01E-04
5429.27,1.01E-04
5432.1,1.02E-04
5434.94,1.02E-04
5437.78,1.02E-04
5440.62,1.02E-04
5443.45,1.02E-04
5446.29,1.02E-04
5449.13,1.02E-04
5451.97,1.02E-04
5454.8,1.02E-04
5457.64,1.02E-04
5460.48,1.02E-04
5463.32,1.02E-04
5466.15,1.02E-04
5468.99,1.02E-04
5471.83,1.03E-04
5474.67,1.03E-04
5477.5,1.03E-04
5480.34,1.03E-04
5483.18,1.03E-04
5486.02,1.03E-04
5488.85,1.03E-04
5491.69,1.03E-04
5494.53,1.03E-04
5497.37,1.03E-04
5500.2,1.03E-04
5503.04,1.03E-04
5505.88,1.03E-04
5508.72,1.03E-04
5511.55,1.04E-04
5514.39,1.04E-04
5517.23,1.04E-04
5520.06,1.04E-04
5522.9,1.04E-04
5525.74,1.04E-04
5528.58,1.04E-04
5531.41,1.04E-04
5534.25,1.04E-04
5537.09,1.04E-04
5539.93,1.04E-04
5542.76,1.04E-04
5545.6,1.04E-04
5548.44,1.04E-04
5551.28,1.05E-04
5554.11,1.05E-04
5556.95,1.05E-04
5559.79,1.05E-04
5562.63,1.05E-04
5565.46,1.05E-04
5568.3,1.05E-04
5571.14,1.05E-04
5573.98,1.05E-04
5576.81,1.05E-04
5579.65,1.05E-04
5582.49,1.05E-04
5585.33,1.05E-04
5588.16,1.05E-04
5591,1.05E-04
5593.84,1.06E-04
5596.68,1.06E-04
5599.51,1.06E-04
5602.35,1.06E-04
5605.19,1.06E-04
5608.03,1.06E-04
5610.86,1.06E-04
5613.7,1.06E-04
5616.54,1.06E-04
5619.38,1.06E-04
5622.21,1.06E-04
5625.05,1.06E-04
5627.89,1.06E-04
5630.73,1.07E-04
5633.56,1.07E-04
5636.4,1.07E-04
5639.24,1.07E-04
5642.08,1.07E-04
5644.91,1.07E-04
5647.75,1.07E-04
5650.59,1.07E-04
5653.43,1.07E-04
5656.26,1.07E-04
5659.1,1.07E-04
5661.94,1.07E-04
5664.78,1.07E-04
5667.61,1.07E-04
5670.45,1.08E-04
5673.29,1.08E-04
5676.12,1.08E-04
5678.96,1.08E-04
5681.8,1.08E-04
5684.64,1.08E-04
5687.47,1.08E-04
5690.31,1.08E-04
5693.15,1.08E-04
5695.99,1.08E-04
5698.82,1.08E-04
5701.66,1.08E-04
5704.5,1.08E-04
5707.34,1.08E-04
5710.17,1.09E-04
5713.01,1.09E-04
5715.85,1.09E-04
5718.69,1.09E-04
5721.52,1.09E-04
5724.36,1.09E-04
5727.2,1.09E-04
5730.04,1.09E-04
5732.87,1.09E-04
5735.71,1.09E-04
5738.55,1.09E-04
5741.39,1.09E-04
5744.22,1.09E-04
5747.06,1.09E-04
5749.9,1.10E-04
5752.74,1.10E-04
5755.57,1.10E-04
5758.41,1.10E-04
5761.25,1.10E-04
5764.09,1.10E-04
5766.92,1.10E-04
5769.76,1.10E-04
5772.6,1.10E-04
5775.44,1.10E-04
5778.27,1.10E-04
5781.11,1.10E-04
5783.95,1.10E-04
5786.79,1.11E-04
5789.62,1.11E-04
5792.46,1.11E-04
5795.3,1.11E-04
5798.14,1.11E-04
5800.97,1.11E-04
5803.81,1.11E-04
5806.65,1.11E-04
5809.49,1.11E-04
5812.32,1.11E-04
5815.16,1.11E-04
5818,1.11E-04
5820.84,1.11E-04
5823.67,1.11E-04
5826.51,1.12E-04
5829.35,1.12E-04
5832.18,1.12E-04
5835.02,1.12E-04
5837.86,1.12E-04
5840.7,1.12E-04
5843.53,1.12E-04
5846.37,1.12E-04
5849.21,1.12E-04
5852.05,1.12E-04
5854.88,1.12E-04
5857.72,1.12E-04
5860.56,1.12E-04
5863.4,1.13E-04
5866.23,1.13E-04
5869.07,1.13E-04
5871.91,1.13E-04
5874.75,1.13E-04
5877.58,1.13E-04
5880.42,1.13E-04
5883.26,1.13E-04
5886.1,1.13E-04
5888.93,1.13E-04
5891.77,1.13E-04
5894.61,1.13E-04
5897.45,1.13E-04
5900.28,1.13E-04
5903.12,1.14E-04
5905.96,1.14E-04
5908.8,1.14E-04
5911.63,1.14E-04
5914.47,1.14E-04
5917.31,1.14E-04
5920.15,1.14E-04
5922.98,1.14E-04
5925.82,1.14E-04
5928.66,1.14E-04
5931.5,1.14E-04
5934.33,1.14E-04
5937.17,1.14E-04
5940.01,1.15E-04
5942.85,1.15E-04
5945.68,1.15E-04
5948.52,1.15E-04
5951.36,1.15E-04
5954.2,1.15E-04
5957.03,1.15E-04
5959.87,1.15E-04
5962.71,1.15E-04
5965.55,1.15E-04
5968.38,1.15E-04
5971.22,1.15E-04
5974.06,1.15E-04
5976.9,1.16E-04
5979.73,1.16E-04
5982.57,1.16E-04
5985.41,1.16E-04
5988.24,1.16E-04
5991.08,1.16E-04
5993.92,1.16E-04
5996.76,1.16E-04
5999.59,1.16E-04
6002.43,1.16E-04
6005.27,1.16E-04
6008.11,1.16E-04
6010.94,1.16E-04
6013.78,1.17E-04
6016.62,1.17E-04
6019.46,1.17E-04
6022.29,1.17E-04
6025.13,1.17E-04
6027.97,1.17E-04
6030.81,1.17E-04
6033.64,1.17E-04
6036.48,1.17E-04
6039.32,1.17E-04
6042.16,1.17E-04
6044.99,1.17E-04
6047.83,1.17E-04
6050.67,1.18E-04
6053.51,1.18E-04
6056.34,1.18E-04
6059.18,1.18E-04
6062.02,1.18E-04
6064.86,1.18E-04
6067.69,1.18E-04
6070.53,1.18E-04
6073.37,1.18E-04
6076.21,1.18E-04
6079.04,1.18E-04
6081.88,1.18E-04
6084.72,1.18E-04
6087.56,1.19E-04
6090.39,1.19E-04
6093.23,1.19E-04
6096.07,1.19E-04
6098.91,1.19E-04
6101.74,1.19E-04
6104.58,1.19E-04
6107.42,1.19E-04
6110.26,1.19E-04
6113.09,1.19E-04
6115.93,1.19E-04
6118.77,1.19E-04
6121.61,1.19E-04
6124.44,1.20E-04
6127.28,1.20E-04
6130.12,1.20E-04
6132.96,1.20E-04
6135.79,1.20E-04
6138.63,1.20E-04
6141.47,1.20E-04
6144.3,1.20E-04
6147.14,1.20E-04
6149.98,1.20E-04
6152.82,1.20E-04
6155.65,1.20E-04
6158.49,1.20E-04
6161.33,1.21E-04
6164.17,1.21E-04
6167,1.21E-04
6169.84,1.21E-04
6172.68,1.21E-04
6175.52,1.21E-04
6178.35,1.21E-04
6181.19,1.21E-04
6184.03,1.21E-04
6186.87,1.21E-04
6189.7,1.21E-04
6192.54,1.21E-04
6195.38,1.21E-04
6198.22,1.22E-04
6201.05,1.22E-04
6203.89,1.22E-04
6206.73,1.22E-04
6209.57,1.22E-04
6212.4,1.22E-04
6215.24,1.22E-04
6218.08,1.22E-04
6220.92,1.22E-04
6223.75,1.22E-04
6226.59,1.22E-04
6229.43,1.22E-04
6232.27,1.23E-04
6235.1,1.23E-04
6237.94,1.23E-04
6240.78,1.23E-04
6243.62,1.23E-04
6246.45,1.23E-04
6249.29,1.23E-04
6252.13,1.23E-04
6254.97,1.23E-04
6257.8,1.23E-04
6260.64,1.23E-04
6263.48,1.23E-04
6266.32,1.23E-04
6269.15,1.24E-04
6271.99,1.24E-04
6274.83,1.24E-04
6277.67,1.24E-04
6280.5,1.24E-04
6283.34,1.24E-04
6286.18,1.24E-04
6289.01,1.24E-04
6291.85,1.24E-04
6294.69,1.24E-04
6297.53,1.24E-04
6300.36,1.24E-04
6303.2,1.25E-04
6306.04,1.25E-04
6308.88,1.25E-04
6311.71,1.25E-04
6314.55,1.25E-04
6317.39,1.25E-04
6320.23,1.25E-04
6323.06,1.25E-04
6325.9,1.25E-04
6328.74,1.25E-04
6331.58,1.25E-04
6334.41,1.25E-04
6337.25,1.25E-04
6340.09,1.26E-04
6342.93,1.26E-04
6345.76,1.26E-04
6348.6,1.26E-04
6351.44,1.26E-04
6354.28,1.26E-04
6357.11,1.26E-04
6359.95,1.26E-04
6362.79,1.26E-04
6365.63,1.26E-04
6368.46,1.26E-04
6371.3,1.26E-04
6374.14,1.27E-04
6376.98,1.27E-04
6379.81,1.27E-04
6382.65,1.27E-04
6385.49,1.27E-04
6388.33,1.27E-04
6391.16,1.27E-04
6394,1.27E-04
6396.84,1.27E-04
6399.68,1.27E-04
6402.51,1.27E-04
6405.35,1.27E-04
6408.19,1.28E-04
6411.03,1.28E-04
6413.86,1.28E-04
6416.7,1.28E-04
6419.54,1.28E-04
6422.38,1.28E-04
6425.21,1.28E-04
6428.05,1.28E-04
6430.89,1.28E-04
6433.73,1.28E-04
6436.56,1.28E-04
6439.4,1.28E-04
6442.24,1.28E-04
6445.07,1.29E-04
6447.91,1.29E-04
6450.75,1.29E-04
6453.59,1.29E-04
6456.42,1.29E-04
6459.26,1.29E-04
6462.1,1.29E-04
6464.94,1.29E-04
6467.77,1.29E-04
6470.61,1.29E-04
6473.45,1.29E-04
6476.29,1.29E-04
6479.12,1.30E-04
6481.96,1.30E-04
6484.8,1.30E-04
6487.64,1.30E-04
6490.47,1.30E-04
6493.31,1.30E-04
6496.15,1.30E-04
6498.99,1.30E-04
6501.82,1.30E-04
6504.66,1.30E-04
6507.5,1.30E-04
6510.34,1.30E-04
6513.17,1.31E-04
6516.01,1.31E-04
6518.85,1.31E-04
6521.69,1.31E-04
6524.52,1.31E-04
6527.36,1.31E-04
6530.2,1.31E-04
6533.04,1.31E-04
6535.87,1.31E-04
6538.71,1.31E-04
6541.55,1.31E-04
6544.39,1.31E-04
6547.22,1.32E-04
6550.06,1.32E-04
6552.9,1.32E-04
6555.74,1.32E-04
6558.57,1.32E-04
6561.41,1.32E-04
6564.25,1.32E-04
6567.09,1.32E-04
6569.92,1.32E-04
6572.76,1.32E-04
6575.6,1.32E-04
6578.44,1.32E-04
6581.27,1.33E-04
6584.11,1.33E-04
6586.95,1.33E-04
6589.79,1.33E-04
6592.62,1.33E-04
6595.46,1.33E-04
6598.3,1.33E-04
6601.13,1.33E-04
6603.97,1.33E-04
6606.81,1.33E-04
6609.65,1.33E-04
6612.48,1.34E-04
6615.32,1.34E-04
6618.16,1.34E-04
6621,1.34E-04
6623.83,1.34E-04
6626.67,1.34E-04
6629.51,1.34E-04
6632.35,1.34E-04
6635.18,1.34E-04
6638.02,1.34E-04
6640.86,1.34E-04
6643.7,1.34E-04
6646.53,1.35E-04
6649.37,1.35E-04
6652.21,1.35E-04
6655.05,1.35E-04
6657.88,1.35E-04
6660.72,1.35E-04
6663.56,1.35E-04
6666.4,1.35E-04
6669.23,1.35E-04
6672.07,1.35E-04
6674.91,1.35E-04
6677.75,1.35E-04
6680.58,1.36E-04
6683.42,1.36E-04
6686.26,1.36E-04
6689.1,1.36E-04
6691.93,1.36E-04
6694.77,1.36E-04
6697.61,1.36E-04
6700.45,1.36E-04
6703.28,1.36E-04
6706.12,1.36E-04
6708.96,1.36E-04
6711.8,1.37E-04
6714.63,1.37E-04
6717.47,1.37E-04
6720.31,1.37E-04
6723.15,1.37E-04
6725.98,1.37E-04
6728.82,1.37E-04
6731.66,1.37E-04
6734.5,1.37E-04
6737.33,1.37E-04
6740.17,1.37E-04
6743.01,1.37E-04
6745.85,1.38E-04
6748.68,1.38E-04
6751.52,1.38E-04
6754.36,1.38E-04
6757.19,1.38E-04
6760.03,1.38E-04
6762.87,1.38E-04
6765.71,1.38E-04
6768.54,1.38E-04
6771.38,1.38E-04
6774.22,1.38E-04
6777.06,1.39E-04
6779.89,1.39E-04
6782.73,1.39E-04
6785.57,1.39E-04
6788.41,1.39E-04
6791.24,1.39E-04
6794.08,1.39E-04
6796.92,1.39E-04
6799.76,1.39E-04
6802.59,1.39E-04
6805.43,1.39E-04
6808.27,1.39E-04
6811.11,1.40E-04
6813.94,1.40E-04
6816.78,1.40E-04
6819.62,1.40E-04
6822.46,1.40E-04
6825.29,1.40E-04
6828.13,1.40E-04
6830.97,1.40E-04
6833.81,1.40E-04
6836.64,1.40E-04
6839.48,1.40E-04
6842.32,1.41E-04
6845.16,1.41E-04
6847.99,1.41E-04
6850.83,1.41E-04
6853.67,1.41E-04
6856.51,1.41E-04
6859.34,1.41E-04
6862.18,1.41E-04
6865.02,1.41E-04
6867.86,1.41E-04
6870.69,1.41E-04
6873.53,1.42E-04
6876.37,1.42E-04
6879.21,1.42E-04
6882.04,1.42E-04
6884.88,1.42E-04
6887.72,1.42E-04
6890.56,1.42E-04
6893.39,1.42E-04
6896.23,1.42E-04
6899.07,1.42E-04
6901.91,1.42E-04
6904.74,1.43E-04
6907.58,1.43E-04
6910.42,1.43E-04
6913.25,1.43E-04
6916.09,1.43E-04
6918.93,1.43E-04
6921.77,1.43E-04
6924.6,1.43E-04
6927.44,1.43E-04
6930.28,1.43E-04
6933.12,1.43E-04
6935.95,1.43E-04
6938.79,1.44E-04
6941.63,1.44E-04
6944.47,1.44E-04
6947.3,1.44E-04
6950.14,1.44E-04
6952.98,1.44E-04
6955.82,1.44E-04
6958.65,1.44E-04
6961.49,1.44E-04
6964.33,1.44E-04
6967.17,1.44E-04
6970,1.45E-04
6972.84,1.45E-04
6975.68,1.45E-04
6978.52,1.45E-04
6981.35,1.45E-04
6984.19,1.45E-04
6987.03,1.45E-04
6989.87,1.45E-04
6992.7,1.45E-04
6995.54,1.45E-04
6998.38,1.45E-04
7001.22,1.46E-04
7004.05,1.46E-04
7006.89,1.46E-04
7009.73,1.46E-04
7012.57,1.46E-04
7015.4,1.46E-04
7018.24,1.46E-04
7021.08,1.46E-04
7023.92,1.46E-04
7026.75,1.46E-04
7029.59,1.47E-04
7032.43,1.47E-04
7035.27,1.47E-04
7038.1,1.47E-04
7040.94,1.47E-04
7043.78,1.47E-04
7046.62,1.47E-04
7049.45,1.47E-04
7052.29,1.47E-04
7055.13,1.47E-04
7057.97,1.47E-04
7060.8,1.48E-04
7063.64,1.48E-04
7066.48,1.48E-04
7069.31,1.48E-04
7072.15,1.48E-04
7074.99,1.48E-04
7077.83,1.48E-04
7080.66,1.48E-04
7083.5,1.48E-04
7086.34,1.48E-04
7089.18,1.48E-04
7092.01,1.49E-04
7094.85,1.49E-04
7097.69,1.49E-04
7100.53,1.49E-04
7103.36,1.49E-04
7106.2,1.49E-04
7109.04,1.49E-04
7111.88,1.49E-04
7114.71,1.49E-04
7117.55,1.49E-04
7120.39,1.49E-04
7123.23,1.50E-04
7126.06,1.50E-04
7128.9,1.50E-04
7131.74,1.50E-04
7134.58,1.50E-04
7137.41,1.50E-04
7140.25,1.50E-04
7143.09,1.50E-04
7145.93,1.50E-04
7148.76,1.50E-04
7151.6,1.51E-04
7154.44,1.51E-04
7157.28,1.51E-04
7160.11,1.51E-04
7162.95,1.51E-04
7165.79,1.51E-04
7168.63,1.51E-04
7171.46,1.51E-04
7174.3,1.51E-04
7177.14,1.51E-04
7179.98,1.51E-04
7182.81,1.52E-04
7185.65,1.52E-04
7188.49,1.52E-04
7191.33,1.52E-04
7194.16,1.52E-04
7197,1.52E-04
7199.84,1.52E-04
7202.68,1.52E-04
7205.51,1.52E-04
7208.35,1.52E-04
7211.19,1.52E-04
7214.03,1.53E-04
7216.86,1.53E-04
7219.7,1.53E-04
7222.54,1.53E-04
7225.37,1.53E-04
7228.21,1.53E-04
7231.05,1.53E-04
7233.89,1.53E-04
7236.72,1.53E-04
7239.56,1.53E-04
7242.4,1.54E-04
7245.24,1.54E-04
7248.07,1.54E-04
7250.91,1.54E-04
7253.75,1.54E-04
7256.59,1.54E-04
7259.42,1.54E-04
7262.26,1.54E-04
7265.1,1.54E-04
7267.94,1.54E-04
7270.77,1.55E-04
7273.61,1.55E-04
7276.45,1.55E-04
7279.29,1.55E-04
7282.12,1.55E-04
7284.96,1.55E-04
7287.8,1.55E-04
7290.64,1.55E-04
7293.47,1.55E-04
7296.31,1.55E-04
7299.15,1.55E-04
7301.99,1.56E-04
7304.82,1.56E-04
7307.66,1.56E-04
7310.5,1.56E-04
7313.34,1.56E-04
7316.17,1.56E-04
7319.01,1.56E-04
7321.85,1.56E-04
7324.69,1.56E-04
7327.52,1.56E-04
7330.36,1.57E-04
7333.2,1.57E-04
7336.04,1.57E-04
7338.87,1.57E-04
7341.71,1.57E-04
7344.55,1.57E-04
7347.39,1.57E-04
7350.22,1.57E-04
7353.06,1.57E-04
7355.9,1.57E-04
7358.74,1.58E-04
7361.57,1.58E-04
7364.41,1.58E-04
7367.25,1.58E-04
7370.09,1.58E-04
7372.92,1.58E-04
7375.76,1.58E-04
7378.6,1.58E-04
7381.43,1.58E-04
7384.27,1.58E-04
7387.11,1.59E-04
7389.95,1.59E-04
7392.78,1.59E-04
7395.62,1.59E-04
7398.46,1.59E-04
7401.3,1.59E-04
7404.13,1.59E-04
7406.97,1.59E-04
7409.81,1.59E-04
7412.65,1.59E-04
7415.48,1.60E-04
7418.32,1.60E-04
7421.16,1.60E-04
7424,1.60E-04
7426.83,1.60E-04
7429.67,1.60E-04
7432.51,1.60E-04
7435.35,1.60E-04
7438.18,1.60E-04
7441.02,1.60E-04
7443.86,1.60E-04
7446.7,1.61E-04
7449.53,1.61E-04
7452.37,1.61E-04
7455.21,1.61E-04
7458.05,1.61E-04
7460.88,1.61E-04
7463.72,1.61E-04
7466.56,1.61E-04
7469.4,1.61E-04
7472.23,1.61E-04
7475.07,1.62E-04
7477.91,1.62E-04
7480.75,1.62E-04
7483.58,1.62E-04
7486.42,1.62E-04
7489.26,1.62E-04
7492.1,1.62E-04
7494.93,1.62E-04
7497.77,1.62E-04
7500.61,1.63E-04
7503.45,1.63E-04
7506.28,1.63E-04
7509.12,1.63E-04
7511.96,1.63E-04
7514.8,1.63E-04
7517.63,1.63E-04
7520.47,1.63E-04
7523.31,1.63E-04
7526.15,1.63E-04
7528.98,1.64E-04
7531.82,1.64E-04
7534.66,1.64E-04
7537.49,1.64E-04
7540.33,1.64E-04
7543.17,1.64E-04
7546.01,1.64E-04
7548.84,1.64E-04
7551.68,1.64E-04
7554.52,1.64E-04
7557.36,1.65E-04
7560.19,1.65E-04
7563.03,1.65E-04
7565.87,1.65E-04
7568.71,1.65E-04
7571.54,1.65E-04
7574.38,1.65E-04
7577.22,1.65E-04
7580.06,1.65E-04
7582.89,1.65E-04
7585.73,1.66E-04
7588.57,1.66E-04
7591.41,1.66E-04
7594.24,1.66E-04
7597.08,1.66E-04
7599.92,1.66E-04
7602.76,1.66E-04
7605.59,1.66E-04
7608.43,1.66E-04
7611.27,1.66E-04
7614.11,1.67E-04
7616.94,1.67E-04
7619.78,1.67E-04
7622.62,1.67E-04
7625.46,1.67E-04
7628.29,1.67E-04
7631.13,1.67E-04
7633.97,1.67E-04
7636.81,1.67E-04
7639.64,1.68E-04
7642.48,1.68E-04
7645.32,1.68E-04
7648.16,1.68E-04
7650.99,1.68E-04
7653.83,1.68E-04
7656.67,1.68E-04
7659.51,1.68E-04
7662.34,1.68E-04
7665.18,1.68E-04
7668.02,1.69E-04
7670.86,1.69E-04
7673.69,1.69E-04
7676.53,1.69E-04
7679.37,1.69E-04
7682.21,1.69E-04
7685.04,1.69E-04
7687.88,1.69E-04
7690.72,1.69E-04
7693.55,1.70E-04
7696.39,1.70E-04
7699.23,1.70E-04
7702.07,1.70E-04
7704.9,1.70E-04
7707.74,1.70E-04
7710.58,1.70E-04
7713.42,1.70E-04
7716.25,1.70E-04
7719.09,1.70E-04
7721.93,1.71E-04
7724.77,1.71E-04
7727.6,1.71E-04
7730.44,1.71E-04
7733.28,1.71E-04
7736.12,1.71E-04
7738.95,1.71E-04
7741.79,1.71E-04
7744.63,1.71E-04
7747.47,1.72E-04
7750.3,1.72E-04
7753.14,1.72E-04
7755.98,1.72E-04
7758.82,1.72E-04
7761.65,1.72E-04
7764.49,1.72E-04
7767.33,1.72E-04
7770.17,1.72E-04
7773,1.72E-04
7775.84,1.73E-04
7778.68,1.73E-04
7781.52,1.73E-04
7784.35,1.73E-04
7787.19,1.73E-04
7790.03,1.73E-04
7792.87,1.73E-04
7795.7,1.73E-04
7798.54,1.73E-04
7801.38,1.74E-04
7804.22,1.74E-04
7807.05,1.74E-04
7809.89,1.74E-04
7812.73,1.74E-04
7815.57,1.74E-04
7818.4,1.74E-04
7821.24,1.74E-04
7824.08,1.74E-04
7826.92,1.75E-04
7829.75,1.75E-04
7832.59,1.75E-04
7835.43,1.75E-04
7838.27,1.75E-04
7841.1,1.75E-04
7843.94,1.75E-04
7846.78,1.75E-04
7849.61,1.75E-04
7852.45,1.76E-04
7855.29,1.76E-04
7858.13,1.76E-04
7860.96,1.76E-04
7863.8,1.76E-04
7866.64,1.76E-04
7869.48,1.76E-04
7872.31,1.76E-04
7875.15,1.76E-04
7877.99,1.76E-04
7880.83,1.77E-04
7883.66,1.77E-04
7886.5,1.77E-04
7889.34,1.77E-04
7892.18,1.77E-04
7895.01,1.77E-04
7897.85,1.77E-04
7900.69,1.77E-04
7903.53,1.77E-04
7906.36,1.78E-04
7909.2,1.78E-04
7912.04,1.78E-04
7914.88,1.78E-04
7917.71,1.78E-04
7920.55,1.78E-04
7923.39,1.78E-04
7926.23,1.78E-04
7929.06,1.78E-04
7931.9,1.79E-04
7934.74,1.79E-04
7937.58,1.79E-04
7940.41,1.79E-04
7943.25,1.79E-04
7946.09,1.79E-04
7948.93,1.79E-04
7951.76,1.79E-04
7954.6,1.79E-04
7957.44,1.80E-04
7960.28,1.80E-04
7963.11,1.80E-04
7965.95,1.80E-04
7968.79,1.80E-04
7971.63,1.80E-04
7974.46,1.80E-04
7977.3,1.80E-04
7980.14,1.80E-04
7982.98,1.81E-04
7985.81,1.81E-04
7988.65,1.81E-04
7991.49,1.81E-04
7994.33,1.81E-04
7997.16,1.81E-04
8000,1.81E-04
